Identifier,HK1cnt,HK2cnt,HK3cnt,INF2cnt,INF3cnt,INF4cnt,M01cnt,M02cnt,M03cnt
group,HK,HK,HK,INFEC,INFEC,INFEC,UN,UN,UN
ENSMUSG00000000001,4390,4003,5739,3005,3674,2221,4255,4587,3927
ENSMUSG00000000028,44,47,57,43,46,36,60,91,57
ENSMUSG00000000031,0,0,0,0,1,0,0,0,0
ENSMUSG00000000037,2,0,3,0,0,0,4,0,0
ENSMUSG00000000049,0,1,1,0,0,3,0,2,3
ENSMUSG00000000056,312,366,418,352,370,260,495,558,467
ENSMUSG00000000058,1910,1901,2582,928,1868,912,1875,2140,1830
ENSMUSG00000000078,10297,9329,14173,9478,9162,8990,9600,10182,9252
ENSMUSG00000000085,436,457,732,399,429,365,515,652,494
ENSMUSG00000000088,4787,4110,5123,4879,4338,4433,3815,4048,4094
ENSMUSG00000000093,3,6,8,0,1,3,3,3,0
ENSMUSG00000000125,2,0,0,2,0,0,0,0,0
ENSMUSG00000000126,1,7,18,6,2,30,12,2,6
ENSMUSG00000000127,877,671,857,774,593,539,717,815,824
ENSMUSG00000000131,1837,1873,2441,1424,1488,1235,2014,2274,1791
ENSMUSG00000000134,4819,5099,7343,3942,4092,3649,4920,5138,4277
ENSMUSG00000000142,1,1,0,10,0,0,0,0,0
ENSMUSG00000000148,259,300,338,218,195,237,364,399,404
ENSMUSG00000000149,8230,8341,12351,6051,8168,6486,13143,15928,12666
ENSMUSG00000000154,83,57,87,63,64,92,75,111,88
ENSMUSG00000000157,0,7,1,1,4,0,3,1,1
ENSMUSG00000000167,19,11,29,6,11,23,20,17,19
ENSMUSG00000000168,757,796,1142,670,792,693,1029,1192,958
ENSMUSG00000000171,4245,3680,4571,3680,3728,3517,4419,5017,4487
ENSMUSG00000000184,168,154,154,99,61,97,76,84,55
ENSMUSG00000000194,1459,1188,1959,1067,1144,1153,1287,1546,1204
ENSMUSG00000000202,0,0,0,6,0,0,0,2,1
ENSMUSG00000000204,5,2,2,5,0,4,3,3,2
ENSMUSG00000000223,0,0,3,0,0,0,0,0,0
ENSMUSG00000000244,152,142,158,172,123,217,249,257,241
ENSMUSG00000000247,1,0,4,0,0,0,0,3,1
ENSMUSG00000000253,295,307,416,267,297,282,409,459,384
ENSMUSG00000000263,0,0,0,0,2,0,0,0,0
ENSMUSG00000000266,0,0,0,0,0,0,0,4,0
ENSMUSG00000000275,1349,1564,2074,1240,1131,1101,1470,1645,1508
ENSMUSG00000000276,171,238,289,255,246,145,272,292,292
ENSMUSG00000000278,9871,9676,14398,10667,10381,10068,12725,13302,11363
ENSMUSG00000000282,370,327,460,544,461,472,643,682,662
ENSMUSG00000000290,10884,11829,18656,9044,10259,8688,12524,15527,11492
ENSMUSG00000000295,305,222,323,275,207,328,247,279,284
ENSMUSG00000000296,0,0,0,0,1,0,0,0,3
ENSMUSG00000000301,67,34,35,29,29,62,23,41,32
ENSMUSG00000000303,0,0,0,0,3,0,0,0,0
ENSMUSG00000000305,0,0,2,0,0,0,0,0,0
ENSMUSG00000000308,1,0,0,0,0,0,0,0,0
ENSMUSG00000000317,0,2,7,0,0,0,6,6,0
ENSMUSG00000000318,82,51,104,97,81,80,77,124,117
ENSMUSG00000000320,2,0,0,0,1,1,5,5,4
ENSMUSG00000000325,1,1,2,0,4,1,5,5,1
ENSMUSG00000000326,25,51,40,50,49,37,48,19,50
ENSMUSG00000000339,895,777,1087,700,800,645,793,916,753
ENSMUSG00000000340,198,226,223,182,199,131,243,337,292
ENSMUSG00000000346,26084,25708,37618,21148,24824,19057,29768,31573,28046
ENSMUSG00000000355,1406,1068,1318,1256,1257,948,1005,1178,1126
ENSMUSG00000000359,0,0,0,0,0,0,0,1,0
ENSMUSG00000000365,18,5,15,9,10,19,12,7,11
ENSMUSG00000000374,1329,1155,1654,1188,979,1339,1098,1454,990
ENSMUSG00000000378,919,921,1300,788,892,933,1221,1416,1157
ENSMUSG00000000384,259,258,412,271,242,258,181,253,255
ENSMUSG00000000386,241,335,306,206,339,207,407,349,253
ENSMUSG00000000392,9,2,1,15,2,1,11,8,12
ENSMUSG00000000399,2019,1826,2704,1957,1831,1946,2033,2213,1975
ENSMUSG00000000409,9,4,1,11,6,11,12,1,6
ENSMUSG00000000411,6,4,3,1,4,0,0,6,3
ENSMUSG00000000420,2115,2058,2591,1457,1815,1247,2607,3013,2633
ENSMUSG00000000439,2292,2163,3006,2113,2046,1833,2398,2414,2101
ENSMUSG00000000440,697,718,1066,598,695,525,783,786,703
ENSMUSG00000000441,3468,3442,4830,3244,3152,2796,3596,3616,3144
ENSMUSG00000000486,17,6,15,14,6,12,28,29,24
ENSMUSG00000000489,4602,3864,5911,3239,3093,3777,2186,2531,1752
ENSMUSG00000000530,475,484,705,405,379,424,453,479,448
ENSMUSG00000000531,49,26,46,18,21,20,36,39,45
ENSMUSG00000000532,160,82,134,119,129,137,112,129,122
ENSMUSG00000000538,628,499,691,399,395,356,663,736,632
ENSMUSG00000000544,0,0,0,0,0,0,0,1,0
ENSMUSG00000000552,976,994,1397,703,738,642,960,1141,965
ENSMUSG00000000555,11971,11758,17437,6983,7426,6502,5879,7227,4791
ENSMUSG00000000561,620,553,583,472,482,403,570,543,530
ENSMUSG00000000562,5,6,9,3,0,4,14,3,5
ENSMUSG00000000563,5121,4554,6238,4718,4491,4235,4781,5298,4829
ENSMUSG00000000567,0,0,3,0,0,1,0,0,0
ENSMUSG00000000568,3439,3249,3497,2867,3147,2303,2819,3050,3169
ENSMUSG00000000579,86,72,90,79,76,57,126,105,123
ENSMUSG00000000581,2866,1915,2325,2633,2507,1675,2262,2534,2723
ENSMUSG00000000594,7131,7726,11447,6520,7159,6218,9896,10368,8747
ENSMUSG00000000600,860,707,884,696,695,436,803,978,852
ENSMUSG00000000605,2122,1999,2592,2034,1820,1761,2249,2587,2174
ENSMUSG00000000627,0,3,0,0,0,0,0,0,0
ENSMUSG00000000628,367,323,381,585,505,502,756,930,773
ENSMUSG00000000631,764,572,930,578,491,641,713,1005,798
ENSMUSG00000000632,0,0,0,0,0,0,0,0,1
ENSMUSG00000000673,5,4,3,6,6,9,1,14,7
ENSMUSG00000000682,6151,6555,9610,6874,5491,7353,5916,6465,5378
ENSMUSG00000000686,565,523,768,462,598,612,1482,1701,1502
ENSMUSG00000000693,588,534,741,564,472,598,504,617,512
ENSMUSG00000000708,401,361,402,315,343,275,358,467,340
ENSMUSG00000000711,1225,1314,1845,914,1055,628,1464,1612,1467
ENSMUSG00000000724,1,0,0,0,1,1,2,0,3
ENSMUSG00000000730,59,44,60,51,44,38,19,25,5
ENSMUSG00000000731,0,0,0,0,1,0,0,0,0
ENSMUSG00000000732,1769,1552,2427,964,994,672,522,490,525
ENSMUSG00000000738,563,432,695,411,355,431,522,473,378
ENSMUSG00000000740,720,545,888,773,707,919,696,838,575
ENSMUSG00000000743,4613,4431,6645,4246,4183,3820,5191,5434,4922
ENSMUSG00000000751,909,858,1109,848,826,789,1075,1201,1107
ENSMUSG00000000753,53,40,73,30,33,47,66,67,56
ENSMUSG00000000759,731,748,1094,605,746,566,891,1116,866
ENSMUSG00000000766,0,0,1,0,0,0,1,0,0
ENSMUSG00000000776,270,287,436,249,242,227,192,293,235
ENSMUSG00000000782,2,1,2,0,6,1,6,9,1
ENSMUSG00000000787,8238,5752,6853,7601,8018,5711,8838,9874,10591
ENSMUSG00000000791,0,1,6,1,3,6,1,2,1
ENSMUSG00000000792,0,0,0,0,0,0,0,1,1
ENSMUSG00000000804,379,220,284,266,330,230,252,401,320
ENSMUSG00000000811,254,274,369,342,272,275,306,415,299
ENSMUSG00000000817,0,1,2,0,7,0,0,2,0
ENSMUSG00000000823,312,237,364,220,276,226,355,440,355
ENSMUSG00000000826,3981,3710,5003,3350,3262,2761,4304,5004,4321
ENSMUSG00000000827,1663,1610,2310,1578,1542,1600,1873,2102,1881
ENSMUSG00000000838,1141,751,937,884,1088,466,903,913,1034
ENSMUSG00000000861,14,19,16,17,31,5,36,28,25
ENSMUSG00000000869,19,18,28,38,60,65,45,59,49
ENSMUSG00000000876,317,368,497,298,390,405,437,528,510
ENSMUSG00000000881,19,10,29,7,13,23,17,37,20
ENSMUSG00000000884,48,65,96,49,45,80,53,79,93
ENSMUSG00000000901,21,15,40,29,25,29,46,39,30
ENSMUSG00000000902,887,1031,1287,733,766,803,901,967,827
ENSMUSG00000000915,341,317,567,258,307,291,237,363,231
ENSMUSG00000000916,354,252,415,326,250,361,292,385,267
ENSMUSG00000000934,75,68,81,86,86,60,79,95,59
ENSMUSG00000000942,23,6,6,0,2,7,3,9,2
ENSMUSG00000000957,3346,3207,5065,2887,2546,2385,2219,2117,1579
ENSMUSG00000000958,1080,1055,1620,934,870,842,755,885,789
ENSMUSG00000000959,713,748,1046,770,770,754,987,1045,924
ENSMUSG00000000976,581,521,768,587,575,583,525,635,503
ENSMUSG00000000982,3906,3606,6489,3601,3803,3935,2677,3347,2465
ENSMUSG00000000983,18,12,16,12,18,15,16,19,12
ENSMUSG00000001014,5,6,13,1,8,2,1,10,4
ENSMUSG00000001016,498,466,700,439,366,403,485,563,541
ENSMUSG00000001017,1642,1491,2077,1545,1473,1404,1566,1902,1535
ENSMUSG00000001018,2852,2774,4125,2724,2913,2359,4123,4522,3780
ENSMUSG00000001020,492,417,621,474,430,664,338,396,380
ENSMUSG00000001025,4477,3965,6147,4253,3958,5412,3955,4659,3853
ENSMUSG00000001027,2,0,0,1,0,0,0,0,0
ENSMUSG00000001029,40,28,36,28,25,26,41,45,36
ENSMUSG00000001034,715,641,940,688,722,725,1011,1012,896
ENSMUSG00000001036,58,39,118,93,45,53,93,86,78
ENSMUSG00000001039,6,11,15,11,13,11,11,16,11
ENSMUSG00000001052,1307,1211,1613,921,997,1000,1260,1472,1214
ENSMUSG00000001053,252,259,362,238,251,255,330,376,362
ENSMUSG00000001054,855,897,1291,923,838,858,1450,1633,1369
ENSMUSG00000001056,1807,1755,2473,1929,1682,2004,1542,1577,1371
ENSMUSG00000001062,558,477,637,533,485,443,797,872,748
ENSMUSG00000001065,447,379,650,363,354,323,582,606,505
ENSMUSG00000001082,805,852,1350,676,765,751,959,1027,828
ENSMUSG00000001089,2321,1907,2498,1806,1769,1899,1983,2211,1788
ENSMUSG00000001095,11,5,17,12,6,11,14,8,5
ENSMUSG00000001098,2876,2725,4117,2257,2562,2077,3222,3653,3037
ENSMUSG00000001100,990,971,1480,1033,973,931,1288,1264,1183
ENSMUSG00000001105,547,461,697,571,471,600,534,603,469
ENSMUSG00000001119,0,2,0,0,0,0,0,0,0
ENSMUSG00000001120,80,99,103,69,108,111,120,102,97
ENSMUSG00000001123,3143,3610,4688,3463,3303,3893,5024,5498,4254
ENSMUSG00000001127,1298,1143,1559,1135,1012,1009,1390,1541,1481
ENSMUSG00000001128,8946,8671,14538,9687,8727,9127,11242,12480,10368
ENSMUSG00000001131,6,4,3,5,1,6,5,4,2
ENSMUSG00000001134,374,367,481,487,329,426,376,405,326
ENSMUSG00000001138,462,464,780,436,585,449,917,952,886
ENSMUSG00000001143,408,362,454,333,321,335,511,455,481
ENSMUSG00000001150,524,424,752,448,456,333,489,584,496
ENSMUSG00000001151,456,389,582,406,467,475,576,727,471
ENSMUSG00000001156,393,461,744,447,488,384,563,568,510
ENSMUSG00000001157,347,319,441,351,371,361,439,588,484
ENSMUSG00000001158,692,569,873,717,718,799,597,871,598
ENSMUSG00000001166,70,36,55,48,54,51,76,73,71
ENSMUSG00000001168,0,0,0,0,0,0,0,0,2
ENSMUSG00000001173,781,645,840,505,607,454,711,690,721
ENSMUSG00000001175,22872,21114,28538,20652,19894,19533,18794,20130,18585
ENSMUSG00000001211,1922,1915,2620,1658,1525,1556,1879,2247,1860
ENSMUSG00000001225,0,1,0,0,0,0,0,0,0
ENSMUSG00000001227,62,76,132,55,62,83,130,135,122
ENSMUSG00000001228,80,96,68,53,62,61,39,107,97
ENSMUSG00000001229,698,691,1145,546,607,544,705,867,597
ENSMUSG00000001240,5,2,1,5,5,3,7,3,5
ENSMUSG00000001247,62,33,53,60,72,38,89,85,64
ENSMUSG00000001248,1291,1154,1628,1137,1079,1068,1241,1572,1359
ENSMUSG00000001249,96,84,149,77,84,74,94,53,72
ENSMUSG00000001270,4119,4064,6137,3692,3819,4801,4733,6273,5121
ENSMUSG00000001280,1119,835,980,1106,880,868,943,1009,1019
ENSMUSG00000001281,92,98,197,108,150,149,109,141,120
ENSMUSG00000001285,211,244,318,194,247,302,271,349,282
ENSMUSG00000001288,153,203,241,151,117,127,154,177,160
ENSMUSG00000001289,2599,2111,3155,2805,2308,3053,2267,2614,2152
ENSMUSG00000001300,20,21,32,7,13,6,14,20,10
ENSMUSG00000001305,343,296,413,340,341,337,339,389,307
ENSMUSG00000001313,231,239,385,256,203,286,292,350,233
ENSMUSG00000001323,646,688,927,553,577,509,750,821,729
ENSMUSG00000001333,201,175,171,135,132,175,120,178,105
ENSMUSG00000001334,0,0,0,0,4,0,2,0,0
ENSMUSG00000001348,107,85,217,63,78,87,55,95,90
ENSMUSG00000001349,0,0,2,1,0,0,3,2,1
ENSMUSG00000001366,498,401,576,454,439,487,628,684,603
ENSMUSG00000001376,979,770,897,807,909,502,886,905,1004
ENSMUSG00000001380,928,941,1514,840,939,960,910,1043,908
ENSMUSG00000001383,1861,1563,2038,1830,1481,1727,1622,1611,1500
ENSMUSG00000001403,122,112,171,132,113,146,128,141,144
ENSMUSG00000001415,622,665,803,519,563,499,495,712,493
ENSMUSG00000001416,4148,4184,5991,3748,3400,3199,3590,3829,3436
ENSMUSG00000001418,4285,4232,6591,4506,4380,4320,5052,5771,4811
ENSMUSG00000001419,2193,1961,2895,1880,1973,1924,2537,3009,2405
ENSMUSG00000001420,70,77,123,90,127,96,144,128,100
ENSMUSG00000001424,1865,2229,3032,1495,1610,1475,1964,2441,1942
ENSMUSG00000001435,596,660,927,347,341,345,413,617,436
ENSMUSG00000001436,379,343,552,254,329,333,446,562,393
ENSMUSG00000001440,1700,1465,2120,1318,1329,1306,1340,1397,1306
ENSMUSG00000001441,840,712,1082,1000,962,796,819,985,878
ENSMUSG00000001445,696,747,1043,697,580,707,896,970,807
ENSMUSG00000001467,2663,2892,3350,2314,2556,1944,2472,2555,2076
ENSMUSG00000001472,4805,4633,6667,4271,4110,4431,5090,5501,4676
ENSMUSG00000001473,6217,6282,9649,5129,4553,5035,4319,5221,3787
ENSMUSG00000001482,751,1050,1375,739,692,670,1316,1376,1119
ENSMUSG00000001493,3,4,2,5,0,0,2,4,2
ENSMUSG00000001506,0,7,0,0,0,0,0,0,0
ENSMUSG00000001507,0,1,2,2,0,1,0,2,2
ENSMUSG00000001508,0,0,0,0,0,0,4,0,0
ENSMUSG00000001517,60,57,78,63,74,42,72,91,68
ENSMUSG00000001518,122,112,224,116,139,116,154,189,144
ENSMUSG00000001520,18,18,17,21,19,19,14,24,17
ENSMUSG00000001521,63,53,65,64,58,48,41,91,60
ENSMUSG00000001524,147,182,239,155,164,193,249,214,189
ENSMUSG00000001525,4028,3325,4942,3226,3200,3923,3010,3882,3000
ENSMUSG00000001542,6090,4664,6536,4021,4135,2878,3425,3298,2841
ENSMUSG00000001552,111,94,149,75,107,104,139,147,118
ENSMUSG00000001555,0,0,2,1,0,0,0,0,0
ENSMUSG00000001558,0,1,0,0,1,0,1,0,0
ENSMUSG00000001569,1106,959,1205,920,946,907,1106,1341,972
ENSMUSG00000001576,1264,1352,2266,1028,1066,1026,1322,1790,1182
ENSMUSG00000001583,64,46,85,69,68,89,99,91,84
ENSMUSG00000001588,6,15,4,7,5,7,8,9,8
ENSMUSG00000001604,11,12,18,11,12,21,22,16,14
ENSMUSG00000001627,4267,3802,5672,3024,3177,2364,1757,1698,1562
ENSMUSG00000001630,379,399,453,262,274,219,253,249,252
ENSMUSG00000001632,1894,1972,2456,1401,1558,1297,2011,2492,1837
ENSMUSG00000001642,1313,1212,1871,1195,1212,1287,1463,1873,1359
ENSMUSG00000001663,22,19,22,11,23,32,12,24,30
ENSMUSG00000001665,106,103,159,82,106,122,162,160,184
ENSMUSG00000001666,107,119,184,172,136,178,109,124,126
ENSMUSG00000001674,449,439,529,364,402,405,458,449,331
ENSMUSG00000001687,6184,6047,8217,5529,6133,4502,6718,6923,6101
ENSMUSG00000001700,592,574,831,387,528,391,668,751,618
ENSMUSG00000001707,536,416,586,365,368,403,361,374,355
ENSMUSG00000001729,9262,9275,13996,8306,8697,8598,10489,14016,10484
ENSMUSG00000001739,2,0,1,1,0,0,0,0,0
ENSMUSG00000001741,278,267,391,340,272,329,642,814,658
ENSMUSG00000001750,8470,8280,12869,8587,7983,8723,8967,11404,8422
ENSMUSG00000001751,4187,4170,6423,4575,4686,4834,5630,7143,5602
ENSMUSG00000001755,461,480,658,450,505,500,656,812,625
ENSMUSG00000001761,41,48,50,40,35,12,64,56,47
ENSMUSG00000001763,126,118,156,85,90,83,81,112,99
ENSMUSG00000001767,968,1077,1218,866,835,549,1012,1065,883
ENSMUSG00000001768,4415,3798,5072,3344,4167,2720,7222,7427,6834
ENSMUSG00000001774,435,415,663,393,572,292,420,486,423
ENSMUSG00000001783,3068,2810,3989,2721,2862,3139,4034,4794,3746
ENSMUSG00000001785,874,869,1222,701,769,646,1048,1022,938
ENSMUSG00000001786,511,475,622,451,561,422,638,561,598
ENSMUSG00000001794,3930,3660,4795,3909,3330,3857,3606,3838,3504
ENSMUSG00000001802,1,0,0,0,0,0,0,0,0
ENSMUSG00000001827,3,8,20,17,10,8,13,9,10
ENSMUSG00000001829,463,424,657,409,322,470,526,563,471
ENSMUSG00000001833,5290,4416,5020,4002,4345,2571,4033,4093,4249
ENSMUSG00000001844,1131,1141,1682,1055,1154,1144,1466,1592,1339
ENSMUSG00000001847,16214,15639,21840,12620,14193,11652,17170,19636,16553
ENSMUSG00000001855,1202,1276,1495,1289,1295,1027,1367,1470,1245
ENSMUSG00000001865,2,0,2,8,0,2,2,1,1
ENSMUSG00000001870,1,6,2,6,6,10,17,18,5
ENSMUSG00000001891,2510,2463,2848,1925,2082,1436,2138,2569,2367
ENSMUSG00000001901,1,0,0,0,0,1,0,0,0
ENSMUSG00000001909,492,448,617,494,437,503,550,529,493
ENSMUSG00000001910,597,579,910,374,514,380,579,672,553
ENSMUSG00000001911,223,281,337,216,265,254,285,379,252
ENSMUSG00000001918,955,943,1299,720,711,758,997,1013,945
ENSMUSG00000001924,4238,3999,5359,3248,3130,3007,3922,4494,3864
ENSMUSG00000001930,417,342,470,390,335,434,424,483,530
ENSMUSG00000001942,1042,1029,1259,937,935,706,1281,1280,1361
ENSMUSG00000001943,1,0,0,0,0,0,0,0,1
ENSMUSG00000001946,3,0,0,0,0,11,0,0,0
ENSMUSG00000001948,28,27,24,22,19,36,27,22,19
ENSMUSG00000001962,1059,880,1293,1136,947,1167,1108,1288,1108
ENSMUSG00000001964,201,215,583,221,205,538,293,414,177
ENSMUSG00000001983,38,65,65,64,30,66,57,66,54
ENSMUSG00000001986,6,0,2,7,1,6,2,7,8
ENSMUSG00000001988,4,11,17,8,9,7,20,17,13
ENSMUSG00000001995,667,617,776,283,578,425,830,1169,896
ENSMUSG00000001998,211,244,300,185,179,133,247,286,230
ENSMUSG00000001999,3185,2581,3689,3280,2988,3201,3083,3616,3243
ENSMUSG00000002006,0,1,4,2,0,4,4,3,4
ENSMUSG00000002007,3,10,26,4,20,2,1,9,11
ENSMUSG00000002010,2434,2168,2876,2163,2146,2147,2828,3651,2742
ENSMUSG00000002012,0,0,1,0,6,0,0,0,0
ENSMUSG00000002014,2565,2577,3823,2898,2368,3047,2806,3027,2576
ENSMUSG00000002015,5202,5000,6712,4759,4920,4447,5685,5935,5285
ENSMUSG00000002017,229,232,350,227,213,177,252,218,207
ENSMUSG00000002020,25,11,6,12,6,5,12,21,4
ENSMUSG00000002028,842,612,815,809,695,791,805,850,686
ENSMUSG00000002031,283,304,373,330,290,365,413,432,381
ENSMUSG00000002032,21,26,47,29,12,6,32,55,27
ENSMUSG00000002033,0,0,1,0,0,0,0,0,1
ENSMUSG00000002043,709,633,1027,764,655,998,682,861,718
ENSMUSG00000002052,1209,921,1217,815,896,893,867,1171,798
ENSMUSG00000002055,23,32,26,5,23,4,17,30,37
ENSMUSG00000002058,379,267,470,343,255,359,381,464,376
ENSMUSG00000002059,303,370,536,327,369,335,398,481,345
ENSMUSG00000002064,1213,1127,1560,1166,998,1121,1173,1383,1130
ENSMUSG00000002068,60,61,84,59,39,25,52,52,36
ENSMUSG00000002076,12,20,14,29,6,9,6,14,1
ENSMUSG00000002083,298,342,502,372,384,417,417,518,502
ENSMUSG00000002100,23,22,28,31,20,29,9,10,5
ENSMUSG00000002102,3617,3188,4906,3303,3000,3534,3091,3907,3103
ENSMUSG00000002103,7317,7339,10095,6352,6341,5255,6216,6715,5599
ENSMUSG00000002104,171,122,224,195,176,239,292,298,267
ENSMUSG00000002105,619,697,907,490,535,545,565,591,484
ENSMUSG00000002107,3086,2540,3338,2671,3045,2539,3354,3861,3442
ENSMUSG00000002108,268,372,465,278,263,252,177,173,129
ENSMUSG00000002109,1950,1790,2418,1549,1592,1331,1543,1625,1475
ENSMUSG00000002111,13939,14228,21879,11840,11707,12032,11181,12556,10126
ENSMUSG00000002129,772,721,1051,659,735,665,835,997,850
ENSMUSG00000002147,4911,4997,7038,3700,4084,3562,5002,5617,4901
ENSMUSG00000002190,0,0,0,0,0,0,0,1,0
ENSMUSG00000002204,1554,1309,2152,1362,1325,1561,1628,1894,1554
ENSMUSG00000002205,816,752,1041,811,834,874,905,1006,877
ENSMUSG00000002210,1399,1331,2030,1202,1107,1197,1080,1276,1071
ENSMUSG00000002221,514,466,758,321,459,293,667,619,586
ENSMUSG00000002222,1317,1185,1490,1209,1222,960,1698,1777,1849
ENSMUSG00000002227,229,198,213,113,169,148,195,287,236
ENSMUSG00000002228,7,2,8,5,5,3,5,6,7
ENSMUSG00000002233,1014,1030,1608,827,788,978,579,713,666
ENSMUSG00000002249,0,1,3,1,0,0,3,1,1
ENSMUSG00000002250,64,43,67,86,61,75,81,78,77
ENSMUSG00000002257,356,343,514,350,318,349,488,544,454
ENSMUSG00000002274,198,176,325,198,211,281,230,325,228
ENSMUSG00000002279,435,366,561,358,353,410,467,579,487
ENSMUSG00000002280,1053,1073,1504,988,949,1160,1208,1509,1173
ENSMUSG00000002289,85,55,89,22,24,30,60,49,29
ENSMUSG00000002297,501,406,496,467,487,390,505,594,499
ENSMUSG00000002307,864,1025,1624,733,820,931,842,1044,827
ENSMUSG00000002308,89,120,197,126,135,203,165,210,164
ENSMUSG00000002319,452,513,766,371,454,411,660,659,674
ENSMUSG00000002320,1289,1176,1865,930,947,798,1541,1747,1357
ENSMUSG00000002324,0,0,1,0,0,2,0,2,0
ENSMUSG00000002325,823,918,1269,748,858,919,1117,1298,1097
ENSMUSG00000002326,1286,1209,1705,1122,1061,1059,1280,1375,1194
ENSMUSG00000002329,681,640,933,602,640,676,757,870,746
ENSMUSG00000002332,930,904,1408,840,917,890,1288,1386,1100
ENSMUSG00000002341,0,0,0,0,0,0,0,3,0
ENSMUSG00000002342,468,443,624,479,355,392,512,562,466
ENSMUSG00000002343,115,140,127,99,66,78,142,126,92
ENSMUSG00000002345,294,271,398,258,267,272,333,356,342
ENSMUSG00000002346,19,21,14,16,23,12,30,57,48
ENSMUSG00000002365,1917,2046,2972,1674,2053,1742,2872,3196,2654
ENSMUSG00000002372,957,926,1483,857,807,848,1026,1372,1018
ENSMUSG00000002379,1805,1606,2560,1876,1666,2173,1740,1970,1590
ENSMUSG00000002384,116,84,149,100,85,108,135,119,93
ENSMUSG00000002393,465,492,637,409,459,545,524,829,530
ENSMUSG00000002395,1583,1171,1920,1518,1290,1830,1408,1860,1390
ENSMUSG00000002396,762,713,1064,768,780,941,907,1191,876
ENSMUSG00000002409,199,193,225,125,187,194,285,422,324
ENSMUSG00000002413,972,924,1169,787,935,512,1139,981,1011
ENSMUSG00000002416,304,275,305,312,218,247,221,220,240
ENSMUSG00000002428,405,323,295,337,311,193,460,480,492
ENSMUSG00000002455,1104,1160,1636,999,968,908,1255,1510,1206
ENSMUSG00000002458,2124,2037,2904,1674,1904,1907,2719,2809,2484
ENSMUSG00000002475,72,59,77,31,76,53,97,104,159
ENSMUSG00000002477,1338,977,1272,1242,993,935,831,838,912
ENSMUSG00000002486,90,71,92,62,108,113,168,131,129
ENSMUSG00000002489,120,85,174,79,87,109,98,153,133
ENSMUSG00000002496,959,1055,1411,838,878,880,1195,1320,1158
ENSMUSG00000002500,4,1,2,0,0,1,2,5,2
ENSMUSG00000002504,1,3,1,7,1,7,2,4,3
ENSMUSG00000002524,2793,2450,4125,2448,2357,2410,3156,3667,2695
ENSMUSG00000002546,824,796,1024,733,747,697,847,989,891
ENSMUSG00000002550,698,593,1002,636,655,569,752,905,699
ENSMUSG00000002565,0,6,0,0,0,0,4,0,0
ENSMUSG00000002578,0,2,0,0,1,1,0,0,1
ENSMUSG00000002580,1139,1004,1591,1219,1098,1452,1189,1273,1148
ENSMUSG00000002588,0,0,1,0,0,1,3,0,0
ENSMUSG00000002602,2794,2757,3837,2040,2358,1875,2689,3336,2501
ENSMUSG00000002603,4971,5092,7874,4622,4531,4457,5027,6211,5015
ENSMUSG00000002608,498,435,710,376,475,416,738,768,704
ENSMUSG00000002617,167,111,85,75,96,82,87,121,88
ENSMUSG00000002625,778,704,1036,705,669,743,947,1015,805
ENSMUSG00000002635,555,462,772,562,521,644,771,822,652
ENSMUSG00000002658,1278,1030,1877,1059,987,1297,906,1185,964
ENSMUSG00000002660,600,483,801,550,532,583,630,737,556
ENSMUSG00000002661,161,161,232,176,194,206,226,259,227
ENSMUSG00000002664,3,0,2,0,0,0,0,1,0
ENSMUSG00000002668,391,372,547,424,316,307,466,526,428
ENSMUSG00000002679,634,624,765,636,621,567,697,707,675
ENSMUSG00000002699,2851,2942,4195,2294,2536,1873,2108,2338,1867
ENSMUSG00000002718,982,980,1177,661,862,554,886,904,1047
ENSMUSG00000002728,2698,2554,3205,2963,2956,2667,3096,3436,3080
ENSMUSG00000002731,482,310,413,364,369,320,457,484,429
ENSMUSG00000002732,169,136,175,166,166,185,179,196,211
ENSMUSG00000002733,682,641,905,592,669,451,682,801,704
ENSMUSG00000002741,3699,3773,5506,3199,3087,2790,3304,3771,3060
ENSMUSG00000002748,937,677,824,899,759,808,1206,1115,1014
ENSMUSG00000002763,207,247,358,247,260,236,330,346,324
ENSMUSG00000002767,847,727,1085,810,774,1007,854,1105,947
ENSMUSG00000002768,1063,899,1295,1004,864,1088,1018,1176,1000
ENSMUSG00000002769,14,9,21,12,16,19,10,13,7
ENSMUSG00000002771,11,7,18,12,8,11,22,24,20
ENSMUSG00000002778,624,676,1389,653,619,787,790,1067,684
ENSMUSG00000002781,91,61,93,72,51,61,92,112,65
ENSMUSG00000002791,0,0,0,1,0,0,1,1,1
ENSMUSG00000002797,118,71,103,60,69,50,21,35,26
ENSMUSG00000002799,11,6,16,19,10,27,30,16,12
ENSMUSG00000002803,244,228,255,187,227,243,242,331,260
ENSMUSG00000002804,285,318,424,383,343,392,368,439,368
ENSMUSG00000002808,2,0,3,2,9,20,12,4,10
ENSMUSG00000002812,4304,4154,6353,3445,3110,2996,3559,4427,3201
ENSMUSG00000002814,490,541,802,389,392,321,444,512,359
ENSMUSG00000002820,406,378,501,382,318,370,352,470,383
ENSMUSG00000002825,114,103,215,140,172,170,154,182,195
ENSMUSG00000002831,3,1,2,1,0,4,3,7,2
ENSMUSG00000002833,432,377,529,359,371,371,474,637,439
ENSMUSG00000002835,131,105,138,122,115,128,147,183,177
ENSMUSG00000002844,1482,1489,2313,1393,1326,1400,1427,1628,1322
ENSMUSG00000002845,274,293,396,241,239,203,321,295,266
ENSMUSG00000002846,49,37,67,36,42,31,42,54,37
ENSMUSG00000002847,0,0,2,2,0,0,0,0,2
ENSMUSG00000002870,227,244,214,209,218,254,282,320,223
ENSMUSG00000002871,1904,1891,2844,2522,2463,2719,2909,3245,2504
ENSMUSG00000002881,4664,3824,4585,3576,3945,2110,3288,3444,3276
ENSMUSG00000002885,1620,1753,3046,1319,1392,1269,1975,2053,1672
ENSMUSG00000002897,3900,3195,4189,3645,3517,2969,4061,4867,3515
ENSMUSG00000002900,3,1,0,0,2,3,1,3,0
ENSMUSG00000002908,28,13,13,8,11,14,13,17,16
ENSMUSG00000002910,529,558,764,489,473,433,689,769,599
ENSMUSG00000002944,29708,29342,35476,20524,24125,15156,20773,23300,23130
ENSMUSG00000002948,639,676,824,586,526,539,633,770,599
ENSMUSG00000002949,696,651,981,770,584,572,786,875,703
ENSMUSG00000002957,2339,2036,3010,1989,1959,1465,3035,3839,3084
ENSMUSG00000002963,595,486,788,498,465,570,707,839,664
ENSMUSG00000002968,818,738,1127,701,688,657,819,951,852
ENSMUSG00000002980,4,2,5,6,9,1,3,2,3
ENSMUSG00000002981,4626,4888,7022,3699,4052,3374,5267,5951,4852
ENSMUSG00000002983,4474,4270,6694,3508,3446,3497,2164,2826,2020
ENSMUSG00000002984,1035,968,1588,889,871,1098,1009,1338,949
ENSMUSG00000002985,418598,369583,592075,443035,389614,490725,460052,555066,461626
ENSMUSG00000002996,8360,8722,10645,6609,7722,4776,8241,8301,8368
ENSMUSG00000002997,1229,1092,1397,762,798,535,758,888,729
ENSMUSG00000003031,74,66,74,94,91,109,151,104,127
ENSMUSG00000003032,293,248,456,276,247,319,319,254,336
ENSMUSG00000003033,1677,1658,2633,1622,1516,1596,2057,2297,1933
ENSMUSG00000003037,3254,3069,4911,2939,3158,3187,3355,4249,3154
ENSMUSG00000003038,1081,1010,1408,921,908,873,1002,1252,1093
ENSMUSG00000003039,3181,2973,4039,3051,2680,2784,3299,3620,3270
ENSMUSG00000003062,2804,2962,3895,2433,2556,2263,3027,3262,2705
ENSMUSG00000003068,486,351,526,433,346,682,342,537,324
ENSMUSG00000003070,66,134,154,22,30,37,12,14,11
ENSMUSG00000003072,2878,2635,4183,2808,2669,3289,2670,3253,2544
ENSMUSG00000003099,564,581,912,492,612,639,693,862,689
ENSMUSG00000003119,545,443,524,515,473,351,422,569,465
ENSMUSG00000003123,186,256,316,111,151,172,352,348,313
ENSMUSG00000003131,2743,2396,3059,1966,2346,1417,2814,2638,2727
ENSMUSG00000003134,760,787,1045,519,601,494,865,1051,917
ENSMUSG00000003135,723,636,874,550,604,614,699,792,689
ENSMUSG00000003153,140,157,284,125,178,111,274,216,264
ENSMUSG00000003154,1208,1237,1688,906,1095,791,1640,1852,1410
ENSMUSG00000003161,4440,4130,5357,4071,4031,3647,4300,4858,4233
ENSMUSG00000003166,973,903,1312,895,914,828,1146,1220,1170
ENSMUSG00000003184,406,345,558,327,346,465,407,466,469
ENSMUSG00000003190,116,114,165,66,98,84,102,142,119
ENSMUSG00000003198,501,365,363,334,392,152,256,270,358
ENSMUSG00000003199,1032,997,1539,994,866,1117,1098,1466,1064
ENSMUSG00000003200,1385,1332,2350,1557,1544,1534,2274,2871,2144
ENSMUSG00000003206,520,451,683,532,460,501,409,436,384
ENSMUSG00000003208,408,389,580,353,375,392,377,455,339
ENSMUSG00000003226,2597,1767,2023,1874,2088,1131,2073,2016,2219
ENSMUSG00000003228,150,144,210,88,73,85,79,85,58
ENSMUSG00000003233,188,265,330,155,182,139,305,334,280
ENSMUSG00000003234,776,687,1064,575,619,610,638,869,693
ENSMUSG00000003235,1034,836,1246,864,753,738,907,1030,896
ENSMUSG00000003269,1304,1102,1772,1168,1043,1285,1206,1640,1181
ENSMUSG00000003271,5,7,8,7,4,7,5,16,3
ENSMUSG00000003273,4,3,6,8,6,6,5,6,2
ENSMUSG00000003279,1,4,4,4,4,0,4,3,2
ENSMUSG00000003282,13,3,6,14,11,8,23,6,10
ENSMUSG00000003283,3332,3462,4705,2540,2617,2281,1927,2083,1591
ENSMUSG00000003299,1033,1006,1405,1046,1014,1013,1179,1324,1123
ENSMUSG00000003308,1261,1184,1802,1154,1184,1114,1120,1431,1178
ENSMUSG00000003309,0,0,0,0,0,0,1,0,1
ENSMUSG00000003316,3963,3821,5154,2916,3174,2893,4199,5062,4204
ENSMUSG00000003341,0,1,2,0,0,6,3,0,0
ENSMUSG00000003344,345,263,391,281,229,243,394,530,338
ENSMUSG00000003345,1821,1693,2679,1643,1733,1828,2352,2883,2248
ENSMUSG00000003346,1579,1483,2308,1384,1648,1888,2142,2484,2029
ENSMUSG00000003348,2307,2239,3417,1830,2102,1955,3609,3967,3064
ENSMUSG00000003352,3,9,0,0,1,8,11,8,0
ENSMUSG00000003354,0,0,0,0,0,0,0,0,4
ENSMUSG00000003355,12,7,24,16,14,8,14,13,11
ENSMUSG00000003360,94,74,144,80,77,146,111,93,111
ENSMUSG00000003363,18421,19009,29584,20160,19271,20869,22266,26409,19892
ENSMUSG00000003378,7,1,3,10,16,12,6,2,12
ENSMUSG00000003379,2,7,6,3,4,9,5,4,4
ENSMUSG00000003380,3357,3321,5586,3614,3331,4734,3723,4542,3410
ENSMUSG00000003382,5253,5197,6482,3911,4112,3537,2966,3320,2856
ENSMUSG00000003402,1075,1039,1481,899,877,1027,1095,1307,1115
ENSMUSG00000003410,1,0,0,1,0,1,0,0,0
ENSMUSG00000003411,21,9,18,5,12,26,25,17,30
ENSMUSG00000003418,14,18,60,30,19,21,23,20,20
ENSMUSG00000003420,3035,3075,5053,3427,3303,3674,4581,5419,4273
ENSMUSG00000003421,817,802,1421,840,822,1004,1173,1364,1130
ENSMUSG00000003423,636,563,912,610,590,792,673,728,662
ENSMUSG00000003429,5518,4834,6774,5829,5127,6261,5350,5865,4947
ENSMUSG00000003435,2033,1852,2632,1794,1738,1606,2154,2616,2128
ENSMUSG00000003436,0,0,1,0,0,0,0,0,1
ENSMUSG00000003437,1728,1490,2077,1411,1313,1279,1503,1456,1267
ENSMUSG00000003438,977,898,1268,911,856,924,1006,1165,964
ENSMUSG00000003444,392,339,534,387,369,437,372,376,335
ENSMUSG00000003452,0,10,2,1,0,3,6,5,2
ENSMUSG00000003458,6101,6085,9261,4726,5287,4215,7538,8705,6693
ENSMUSG00000003464,1752,1704,2499,1728,1716,1498,2225,2414,2140
ENSMUSG00000003484,441,378,642,415,348,380,520,554,487
ENSMUSG00000003500,576,608,868,459,451,516,635,704,628
ENSMUSG00000003518,3674,3046,4759,3700,3651,3995,4114,4673,4044
ENSMUSG00000003526,70,71,116,75,97,109,127,161,128
ENSMUSG00000003527,581,640,1087,682,610,572,731,810,645
ENSMUSG00000003528,2218,2287,3337,2252,2165,2303,2428,2918,2199
ENSMUSG00000003531,363,311,484,340,330,398,327,439,369
ENSMUSG00000003541,1509,1360,2132,1220,1348,1514,1424,1817,1355
ENSMUSG00000003545,259,264,532,143,84,73,57,56,61
ENSMUSG00000003546,2477,2308,3768,2649,2550,2840,3990,5005,3723
ENSMUSG00000003549,380,388,477,283,303,396,390,438,414
ENSMUSG00000003559,18,17,11,28,20,6,15,19,30
ENSMUSG00000003573,882,787,1264,718,737,742,739,901,741
ENSMUSG00000003575,217,230,381,230,193,210,261,335,366
ENSMUSG00000003581,604,546,769,530,474,483,556,709,565
ENSMUSG00000003585,2,3,0,0,2,7,0,4,1
ENSMUSG00000003604,282,266,320,296,215,263,234,267,228
ENSMUSG00000003617,355,325,340,199,215,158,288,273,229
ENSMUSG00000003623,654,603,699,551,629,420,1047,1064,1074
ENSMUSG00000003644,1797,1876,2765,1279,1516,1312,2561,3028,2305
ENSMUSG00000003660,2057,1739,2396,1537,1709,1445,2153,2740,1891
ENSMUSG00000003662,762,636,929,701,635,755,844,956,850
ENSMUSG00000003665,0,0,1,0,0,0,0,0,0
ENSMUSG00000003680,1836,1912,2584,1714,1772,2004,2314,2407,2085
ENSMUSG00000003721,789,698,1011,645,834,595,1030,1072,987
ENSMUSG00000003731,632,544,739,450,511,551,643,826,546
ENSMUSG00000003746,2856,2344,3143,1973,2046,1462,1978,2322,1927
ENSMUSG00000003752,319,323,398,229,270,254,284,394,275
ENSMUSG00000003762,259,267,391,275,288,269,365,369,285
ENSMUSG00000003778,799,782,1031,640,845,622,1059,1124,1017
ENSMUSG00000003779,223,181,314,180,216,213,286,290,268
ENSMUSG00000003808,958,894,1296,940,807,753,973,966,855
ENSMUSG00000003809,294,266,313,229,222,207,323,364,311
ENSMUSG00000003810,741,812,931,555,471,471,568,710,529
ENSMUSG00000003812,1256,1144,1699,1350,1162,1378,1321,1376,1343
ENSMUSG00000003813,1407,1261,1877,1253,1108,1379,1382,1489,1208
ENSMUSG00000003814,7797,7983,11501,6904,6402,6068,7732,7961,6951
ENSMUSG00000003824,194,176,240,173,215,162,206,211,270
ENSMUSG00000003847,985,771,758,754,672,489,534,717,639
ENSMUSG00000003848,444,397,637,392,339,387,360,419,304
ENSMUSG00000003849,106,122,181,104,54,75,53,78,56
ENSMUSG00000003863,7,6,25,20,22,26,11,12,9
ENSMUSG00000003865,220,201,297,197,218,159,219,295,260
ENSMUSG00000003868,395,356,577,378,320,510,436,544,458
ENSMUSG00000003872,5,2,4,7,1,5,6,4,4
ENSMUSG00000003873,2265,2045,2920,2392,2087,2743,2004,2281,2112
ENSMUSG00000003882,3410,2744,3427,4150,3881,3078,2734,3272,3072
ENSMUSG00000003923,571,523,538,444,556,445,526,624,549
ENSMUSG00000003929,235,150,198,210,146,83,201,192,208
ENSMUSG00000003934,0,1,4,0,2,0,0,1,1
ENSMUSG00000003948,409,320,467,213,276,201,244,212,255
ENSMUSG00000003949,3,4,7,2,5,12,5,0,2
ENSMUSG00000003955,246,263,311,242,194,261,226,259,216
ENSMUSG00000003970,4469,3712,5690,4542,4036,5675,3730,4618,3673
ENSMUSG00000003992,206,197,216,105,162,95,308,380,344
ENSMUSG00000004018,489,465,577,488,483,427,507,547,522
ENSMUSG00000004032,197,165,178,197,190,231,199,185,161
ENSMUSG00000004035,4,2,2,0,0,1,4,8,0
ENSMUSG00000004038,2,1,0,0,5,0,2,1,0
ENSMUSG00000004040,2404,2376,3027,1965,1979,1962,2682,3502,2483
ENSMUSG00000004043,365,400,662,327,295,283,458,504,431
ENSMUSG00000004044,24,20,44,19,10,22,18,16,18
ENSMUSG00000004054,1992,1853,2912,1443,1426,1406,2023,2502,1818
ENSMUSG00000004056,1125,1210,1748,1027,1038,1073,1365,1488,1240
ENSMUSG00000004069,836,776,1393,720,694,507,1007,1067,836
ENSMUSG00000004070,2339,2067,2985,2337,2301,2495,3571,3915,3604
ENSMUSG00000004071,2076,1959,3025,2260,2197,2161,3370,3539,2997
ENSMUSG00000004085,689,545,622,452,522,478,477,556,511
ENSMUSG00000004096,2841,2189,3406,2860,2643,2641,2638,3159,2690
ENSMUSG00000004098,0,0,0,1,0,0,0,0,0
ENSMUSG00000004099,817,694,949,675,738,674,825,1099,807
ENSMUSG00000004100,382,393,615,400,280,388,303,410,299
ENSMUSG00000004105,2885,3151,4190,2353,2618,2248,3575,4123,3259
ENSMUSG00000004113,1,1,5,9,2,4,4,12,1
ENSMUSG00000004127,45,49,60,37,63,53,40,53,56
ENSMUSG00000004151,58,27,52,36,40,26,40,63,62
ENSMUSG00000004187,40,14,34,28,22,8,22,37,47
ENSMUSG00000004207,109481,120169,225222,112204,107118,127241,141922,198196,125006
ENSMUSG00000004221,2129,2226,2778,1678,1973,1305,2502,2352,2113
ENSMUSG00000004233,103,103,160,134,150,106,136,141,113
ENSMUSG00000004263,34,20,40,31,43,36,33,21,21
ENSMUSG00000004264,2444,2492,3883,2607,2181,2543,2482,2909,2308
ENSMUSG00000004266,7516,7354,10995,5942,5887,4990,7895,8069,6935
ENSMUSG00000004267,201,241,293,251,174,187,161,193,116
ENSMUSG00000004268,1109,983,1410,1098,952,1114,1096,1216,1011
ENSMUSG00000004270,1835,1803,2837,1473,1658,1468,2246,2334,1927
ENSMUSG00000004285,7553,6978,10342,8806,7571,9143,7352,8103,6600
ENSMUSG00000004296,26,12,30,4,22,3,8,2,5
ENSMUSG00000004317,959,763,853,697,701,520,753,782,588
ENSMUSG00000004319,1066,1007,1061,891,1036,817,1214,1430,1208
ENSMUSG00000004328,2,0,0,0,0,0,1,0,0
ENSMUSG00000004347,46,28,39,14,38,35,26,38,30
ENSMUSG00000004356,335,322,375,236,267,199,276,360,268
ENSMUSG00000004359,926,880,1219,744,826,545,252,348,244
ENSMUSG00000004364,4308,3262,3960,2783,3170,1957,2852,3213,3342
ENSMUSG00000004371,0,0,0,1,1,0,0,0,0
ENSMUSG00000004383,184,180,182,177,207,173,225,226,180
ENSMUSG00000004393,929,872,1229,858,701,874,938,1047,862
ENSMUSG00000004394,1795,1654,2378,1443,1515,1492,2113,2299,1911
ENSMUSG00000004415,0,0,0,0,0,0,1,0,0
ENSMUSG00000004446,1079,975,1468,956,952,851,979,1100,935
ENSMUSG00000004451,2456,2561,3516,1977,2336,2150,2553,3113,2263
ENSMUSG00000004455,403,343,597,401,359,343,593,614,542
ENSMUSG00000004460,2922,2637,3775,2489,2462,2397,2703,3306,2734
ENSMUSG00000004462,266,329,473,266,286,183,459,546,450
ENSMUSG00000004473,39,33,63,50,57,49,66,65,54
ENSMUSG00000004500,103,106,165,111,85,111,144,266,142
ENSMUSG00000004508,2148,2138,2573,1939,1827,1530,3021,3326,2805
ENSMUSG00000004530,14603,14642,20865,12533,13270,12281,19379,22627,17446
ENSMUSG00000004535,7471,6856,7975,5941,6158,4387,5715,6259,6084
ENSMUSG00000004552,171,176,255,190,188,144,226,358,260
ENSMUSG00000004558,16,6,31,1,15,7,7,9,12
ENSMUSG00000004561,119,135,210,152,136,98,181,194,131
ENSMUSG00000004562,119,105,78,88,101,105,126,183,89
ENSMUSG00000004565,279,255,332,248,227,242,368,465,296
ENSMUSG00000004567,1948,1896,2945,2064,2127,1907,2752,2886,2385
ENSMUSG00000004568,34,71,52,54,87,29,83,117,65
ENSMUSG00000004591,1055,920,1111,909,799,697,836,924,878
ENSMUSG00000004609,2869,2891,3526,3046,3529,2221,3226,3517,2949
ENSMUSG00000004610,156,121,171,146,119,190,118,157,118
ENSMUSG00000004612,0,2,0,3,0,0,0,0,1
ENSMUSG00000004626,3503,2937,4695,2988,2842,2963,3954,4687,3404
ENSMUSG00000004630,115,96,106,90,86,115,86,104,76
ENSMUSG00000004631,4,0,2,0,3,0,2,5,2
ENSMUSG00000004633,583,536,875,387,460,372,654,792,613
ENSMUSG00000004637,263,279,414,278,240,245,310,381,294
ENSMUSG00000004642,809,736,980,622,610,541,792,924,783
ENSMUSG00000004655,0,0,0,0,0,0,0,5,0
ENSMUSG00000004661,460,349,548,314,373,287,415,642,434
ENSMUSG00000004665,197,209,277,203,205,143,217,187,165
ENSMUSG00000004667,1410,1294,1914,1456,1298,1658,1844,2302,1884
ENSMUSG00000004668,5,6,7,8,6,0,0,3,4
ENSMUSG00000004677,3204,2753,3662,2589,2594,2731,3346,4591,3233
ENSMUSG00000004698,365,229,362,123,230,146,202,247,212
ENSMUSG00000004707,3549,4128,6458,3466,3448,2697,3024,3226,2702
ENSMUSG00000004709,135,113,163,126,121,102,109,101,147
ENSMUSG00000004730,28073,27647,35669,22437,23028,16713,27211,27060,26196
ENSMUSG00000004748,8,0,5,0,0,3,9,13,13
ENSMUSG00000004768,122,99,148,40,79,68,93,124,83
ENSMUSG00000004771,5861,4518,5301,4922,4851,3524,4393,4686,5006
ENSMUSG00000004788,832,662,1076,701,770,850,862,913,803
ENSMUSG00000004789,2300,2156,3158,1819,1869,1677,2349,2390,2158
ENSMUSG00000004791,9,25,46,1,1,15,3,7,2
ENSMUSG00000004798,1215,1027,1474,923,1204,613,1675,1754,1918
ENSMUSG00000004814,40,63,111,56,32,41,32,20,27
ENSMUSG00000004815,706,605,870,548,664,428,721,926,707
ENSMUSG00000004837,395,358,616,331,355,313,313,405,359
ENSMUSG00000004842,5,2,0,0,0,0,1,3,1
ENSMUSG00000004843,3086,2707,3269,2728,3031,2123,2552,2784,2737
ENSMUSG00000004846,798,787,1101,677,695,731,857,998,847
ENSMUSG00000004849,2587,2450,3496,2188,2238,2465,2517,3042,2464
ENSMUSG00000004864,0,2,1,1,0,4,2,2,0
ENSMUSG00000004865,751,604,783,641,568,604,544,536,570
ENSMUSG00000004880,1131,909,1237,730,832,571,1257,1400,1101
ENSMUSG00000004891,101,117,162,97,69,88,43,72,61
ENSMUSG00000004892,0,0,0,1,0,0,0,0,1
ENSMUSG00000004894,0,0,0,0,2,0,0,0,0
ENSMUSG00000004895,234,208,268,181,184,196,245,209,234
ENSMUSG00000004896,625,540,647,664,631,658,611,735,621
ENSMUSG00000004897,3818,3892,5464,3502,3287,3612,3790,3878,3563
ENSMUSG00000004902,16,12,9,8,10,13,11,13,15
ENSMUSG00000004929,216,202,332,144,162,158,207,300,225
ENSMUSG00000004931,238,292,380,247,248,270,324,372,274
ENSMUSG00000004933,459,398,620,435,469,448,533,688,585
ENSMUSG00000004934,561,539,805,546,548,584,548,688,581
ENSMUSG00000004936,2533,2236,3072,2125,2144,1480,2245,2323,2285
ENSMUSG00000004937,2349,2138,3545,2178,2093,1978,2568,3170,2377
ENSMUSG00000004945,673,615,994,733,628,977,758,936,759
ENSMUSG00000004947,342,365,592,237,243,248,241,351,230
ENSMUSG00000004948,1,1,0,0,2,0,1,0,0
ENSMUSG00000004951,12,16,10,5,1,8,0,1,0
ENSMUSG00000004952,5445,5608,8194,5222,5183,4974,4919,5841,4396
ENSMUSG00000004961,0,3,2,0,4,0,0,0,0
ENSMUSG00000004980,10052,8056,9831,8576,8513,6388,8037,8804,8957
ENSMUSG00000004988,2,1,3,3,6,3,5,9,2
ENSMUSG00000004994,318,324,492,260,232,309,364,430,321
ENSMUSG00000004996,223,248,345,178,207,340,341,366,404
ENSMUSG00000005034,2517,2159,2948,2059,2454,1508,3203,3191,3150
ENSMUSG00000005043,1579,1293,2048,2093,2012,2368,2887,3698,2997
ENSMUSG00000005045,19,9,10,2,2,7,8,7,3
ENSMUSG00000005054,27371,24950,36080,31367,27041,31675,23735,27765,22378
ENSMUSG00000005057,1106,1029,1544,949,1032,1057,789,1069,766
ENSMUSG00000005069,1441,1346,2010,1197,1159,1169,1658,1918,1611
ENSMUSG00000005078,684,645,837,652,758,800,857,973,827
ENSMUSG00000005087,13706,11466,15535,12302,11736,9605,12714,13141,12235
ENSMUSG00000005089,7,0,3,2,0,6,6,0,0
ENSMUSG00000005102,514,459,559,471,491,462,595,591,608
ENSMUSG00000005103,16051,16043,23067,12833,14205,11524,15933,19093,14462
ENSMUSG00000005107,31,59,91,42,40,48,72,45,82
ENSMUSG00000005124,0,0,0,1,0,0,0,0,1
ENSMUSG00000005125,627,607,1047,718,701,671,936,1171,985
ENSMUSG00000005131,8,1,10,10,2,2,15,0,9
ENSMUSG00000005142,22008,22506,33489,18150,20494,18331,29720,34448,26479
ENSMUSG00000005148,1,3,1,0,0,1,1,1,4
ENSMUSG00000005150,769,839,1294,814,797,946,917,934,810
ENSMUSG00000005161,2986,2615,3968,2742,2672,3079,3085,3250,2929
ENSMUSG00000005198,2148,2154,2563,1747,1851,1649,3032,2804,2596
ENSMUSG00000005202,6,11,4,2,0,0,2,3,2
ENSMUSG00000005204,766,648,948,683,708,742,759,830,615
ENSMUSG00000005220,0,0,0,1,0,0,0,2,1
ENSMUSG00000005225,370,294,374,249,348,173,273,234,274
ENSMUSG00000005232,0,0,2,0,0,0,0,0,0
ENSMUSG00000005233,100,82,75,71,89,50,74,101,94
ENSMUSG00000005237,20,5,35,33,16,28,32,14,27
ENSMUSG00000005262,1839,1630,2420,1730,1626,1509,1779,1972,1887
ENSMUSG00000005267,83,96,98,48,87,41,102,114,104
ENSMUSG00000005268,0,3,2,0,0,1,0,2,0
ENSMUSG00000005299,1940,1935,2765,1488,1534,1571,1801,2068,1731
ENSMUSG00000005312,3194,2904,4219,2172,2469,1796,2792,3381,2625
ENSMUSG00000005320,1,3,11,4,2,4,1,0,0
ENSMUSG00000005338,0,0,0,0,0,0,0,2,0
ENSMUSG00000005354,2037,2000,3127,2063,1927,2203,2517,2637,2372
ENSMUSG00000005360,0,1,1,0,0,0,0,0,0
ENSMUSG00000005362,1778,1847,2051,1492,1692,1002,1681,1829,1678
ENSMUSG00000005370,448,447,586,383,334,300,503,643,611
ENSMUSG00000005371,1224,941,1056,1178,1170,1005,801,1048,1123
ENSMUSG00000005373,0,0,1,0,0,0,0,1,0
ENSMUSG00000005374,192,162,250,107,153,152,208,212,230
ENSMUSG00000005378,995,856,1338,838,918,849,1051,1117,861
ENSMUSG00000005410,328,319,406,275,251,244,233,318,340
ENSMUSG00000005413,63990,67214,109722,46809,41680,39168,22177,24660,19171
ENSMUSG00000005417,1379,1319,1723,1030,1053,982,1418,1617,1265
ENSMUSG00000005442,1462,1257,1777,1181,1127,1359,1354,1709,1358
ENSMUSG00000005447,218,203,340,250,219,341,261,350,309
ENSMUSG00000005465,8,11,11,6,0,19,21,3,8
ENSMUSG00000005469,1061,1168,1604,810,904,856,1514,1724,1455
ENSMUSG00000005470,285,214,347,200,250,221,313,405,336
ENSMUSG00000005474,0,0,0,0,0,0,1,4,0
ENSMUSG00000005481,2471,2289,3629,1865,1876,1907,2290,2528,2004
ENSMUSG00000005483,1442,1404,2013,1005,1017,1067,1196,1374,1187
ENSMUSG00000005493,2,0,1,5,0,2,3,9,3
ENSMUSG00000005501,542,438,485,444,454,307,505,583,517
ENSMUSG00000005505,1304,1036,1529,1070,1065,966,1090,1427,1186
ENSMUSG00000005506,1802,1603,2139,1813,1834,1390,1959,2149,1916
ENSMUSG00000005510,1165,1053,1552,1141,1092,1202,1319,1455,1269
ENSMUSG00000005514,8369,8121,12783,8389,7843,7444,7192,9006,6812
ENSMUSG00000005533,364,294,421,532,411,450,532,581,586
ENSMUSG00000005534,544,320,515,470,397,428,519,659,606
ENSMUSG00000005540,0,1,0,0,0,5,0,0,4
ENSMUSG00000005553,1,0,0,1,0,0,0,1,0
ENSMUSG00000005566,1448,1330,1848,1343,1354,1538,1547,1836,1575
ENSMUSG00000005575,2012,1897,2832,1918,1733,1992,1793,2157,1754
ENSMUSG00000005580,232,151,227,183,196,206,249,323,254
ENSMUSG00000005583,5247,3751,5124,3468,3727,3660,6160,6604,5875
ENSMUSG00000005609,769,688,897,383,553,547,687,688,523
ENSMUSG00000005610,26215,23755,28659,17573,19674,11080,19170,19838,19027
ENSMUSG00000005611,2,0,0,2,2,1,1,0,9
ENSMUSG00000005615,2777,2670,3648,3646,3703,3144,4973,5099,4314
ENSMUSG00000005621,831,843,1091,638,631,511,893,1002,793
ENSMUSG00000005625,3008,2680,4030,3103,2725,3117,2753,3285,2674
ENSMUSG00000005628,2,1,2,1,1,10,3,3,1
ENSMUSG00000005656,2043,1851,2245,1742,1860,1412,1889,2011,2149
ENSMUSG00000005667,436,343,561,484,389,395,273,289,279
ENSMUSG00000005672,11,0,3,4,2,0,5,0,4
ENSMUSG00000005674,337,339,472,299,321,327,333,391,333
ENSMUSG00000005677,305,304,403,285,289,274,309,356,334
ENSMUSG00000005681,21,18,17,30,16,11,29,10,23
ENSMUSG00000005682,216,211,369,262,279,199,312,370,299
ENSMUSG00000005683,3165,3174,4577,2613,2537,2101,3313,3619,2989
ENSMUSG00000005686,1551,1499,1914,1294,984,758,439,480,436
ENSMUSG00000005687,1525,1225,1784,1431,1519,1479,1604,1919,1638
ENSMUSG00000005698,1204,832,1330,1217,1183,1215,1196,1310,1231
ENSMUSG00000005699,63,57,127,93,69,102,152,120,126
ENSMUSG00000005705,1,2,1,1,0,0,0,2,5
ENSMUSG00000005718,6,9,4,2,5,10,26,18,13
ENSMUSG00000005732,62,146,149,62,76,34,49,56,38
ENSMUSG00000005763,76,54,94,70,67,77,51,83,83
ENSMUSG00000005774,326,325,445,204,231,140,243,253,195
ENSMUSG00000005779,3413,3017,4714,3449,2981,3943,3033,3509,2750
ENSMUSG00000005800,309,228,308,177,173,146,336,289,252
ENSMUSG00000005802,597,491,531,311,363,224,426,297,403
ENSMUSG00000005803,1274,1319,1964,1232,1261,1171,1587,1658,1555
ENSMUSG00000005804,1298,1363,1639,1126,1167,949,1417,1421,1494
ENSMUSG00000005813,919,844,1025,807,805,706,812,920,783
ENSMUSG00000005823,1428,1468,2117,1324,1337,1128,1609,1798,1554
ENSMUSG00000005824,21,7,15,14,13,14,5,3,16
ENSMUSG00000005846,1763,1781,2351,1670,1709,1301,1552,1796,1659
ENSMUSG00000005871,863,719,935,951,887,762,1153,1080,1024
ENSMUSG00000005873,5427,4976,6947,4987,4537,4888,5054,5716,5058
ENSMUSG00000005881,3044,2882,4239,3122,2974,3518,3627,4005,3443
ENSMUSG00000005882,721,728,1077,713,712,620,808,1006,796
ENSMUSG00000005886,1021,847,1202,874,892,611,1157,1295,1038
ENSMUSG00000005893,964,898,1229,968,970,875,1471,1674,1491
ENSMUSG00000005897,272,240,341,210,241,143,318,410,315
ENSMUSG00000005899,533,557,723,419,417,425,691,741,555
ENSMUSG00000005907,390,313,437,364,415,339,449,513,499
ENSMUSG00000005936,2407,2434,3165,1954,2098,1455,2750,2816,2477
ENSMUSG00000005947,4,10,12,15,8,1,17,14,2
ENSMUSG00000005949,830,747,1352,1068,1112,927,1478,1577,1259
ENSMUSG00000005950,5,16,6,8,5,1,4,4,1
ENSMUSG00000005951,100,98,146,51,81,38,140,107,142
ENSMUSG00000005958,1,0,4,4,8,6,5,8,2
ENSMUSG00000005968,201,215,222,205,198,248,282,274,273
ENSMUSG00000005973,241,204,264,238,156,137,160,205,184
ENSMUSG00000005980,52,28,45,49,38,44,45,63,51
ENSMUSG00000005981,630,530,856,536,550,543,689,887,721
ENSMUSG00000005982,1831,1702,2507,1637,1724,1414,2598,2843,2346
ENSMUSG00000005983,1010,903,1212,954,947,826,1282,1395,1220
ENSMUSG00000005986,70,59,75,58,58,52,123,127,131
ENSMUSG00000006005,3538,2857,3558,3286,3114,2763,2960,3138,3118
ENSMUSG00000006010,1527,1164,1668,1195,1125,972,1213,1374,1269
ENSMUSG00000006014,170,97,126,190,159,157,115,161,142
ENSMUSG00000006019,377,405,721,371,396,432,548,677,423
ENSMUSG00000006021,128,167,228,114,131,138,168,184,185
ENSMUSG00000006024,4910,4301,7031,4535,4423,4665,4810,5878,4547
ENSMUSG00000006050,2312,2099,3248,2002,1924,2029,1881,2009,1728
ENSMUSG00000006057,891,714,1257,919,783,1045,837,932,725
ENSMUSG00000006058,1550,1338,1862,1604,1289,1780,1263,1611,1337
ENSMUSG00000006095,2532,2074,3532,2504,2213,2875,2282,2813,2243
ENSMUSG00000006127,2273,2379,3309,2073,2381,1994,4013,4027,3667
ENSMUSG00000006134,938,945,1305,780,927,700,980,1007,959
ENSMUSG00000006154,33,16,32,28,15,20,21,38,35
ENSMUSG00000006169,2696,2605,3603,2059,2503,1906,2825,3271,2562
ENSMUSG00000006179,18,11,26,15,17,21,28,26,20
ENSMUSG00000006191,322,398,492,287,374,251,444,578,535
ENSMUSG00000006205,19,38,43,21,33,18,25,16,15
ENSMUSG00000006215,960,853,1267,926,849,837,653,800,614
ENSMUSG00000006216,0,2,2,0,2,4,7,1,2
ENSMUSG00000006219,1249,1137,1978,1361,1274,1187,1308,1679,1302
ENSMUSG00000006221,7,5,9,5,1,11,0,2,5
ENSMUSG00000006235,25,14,19,25,14,34,42,55,32
ENSMUSG00000006241,4,5,11,5,2,4,4,8,10
ENSMUSG00000006262,848,790,807,643,782,513,730,741,696
ENSMUSG00000006269,1,2,1,0,1,1,0,4,0
ENSMUSG00000006273,13971,14840,21463,11068,11739,9788,16094,17151,13732
ENSMUSG00000006276,509,554,823,378,441,399,587,593,553
ENSMUSG00000006281,1042,961,1155,876,932,951,1398,1663,1439
ENSMUSG00000006288,561,568,745,546,498,578,862,1067,776
ENSMUSG00000006289,785,786,1173,921,916,988,1189,1223,1219
ENSMUSG00000006299,4577,4089,6339,4288,3782,4342,4538,5111,4348
ENSMUSG00000006301,4022,3740,5580,3131,2934,3020,3089,3529,2732
ENSMUSG00000006304,29170,26280,32372,24979,24211,21334,23983,26600,25147
ENSMUSG00000006307,318,295,340,279,241,318,305,302,288
ENSMUSG00000006310,17,14,36,14,9,11,13,5,7
ENSMUSG00000006313,3,3,9,5,0,4,4,13,0
ENSMUSG00000006315,1790,1493,2297,1785,1571,1915,1799,2014,1835
ENSMUSG00000006333,6712,5741,8871,7269,6234,8957,6330,7388,5908
ENSMUSG00000006335,248,225,324,266,255,266,251,348,255
ENSMUSG00000006342,9,8,5,4,1,0,0,3,0
ENSMUSG00000006344,33,42,70,30,33,25,48,69,63
ENSMUSG00000006356,18,24,21,12,20,23,24,18,9
ENSMUSG00000006360,4662,4425,6715,4633,3934,5595,4050,4282,3784
ENSMUSG00000006362,88,82,79,93,148,141,162,209,164
ENSMUSG00000006369,0,0,0,0,0,0,0,0,3
ENSMUSG00000006373,3539,3082,3390,2625,2912,1609,2874,2741,3217
ENSMUSG00000006378,99,87,138,78,113,111,101,148,117
ENSMUSG00000006389,0,0,0,2,0,0,0,0,1
ENSMUSG00000006390,5603,6181,9166,5719,5905,5591,6890,6940,5766
ENSMUSG00000006392,1970,1724,2476,1948,1779,1839,1687,1834,1581
ENSMUSG00000006395,468,468,633,523,505,600,604,681,557
ENSMUSG00000006398,117,134,153,99,118,86,153,176,175
ENSMUSG00000006403,0,4,0,0,0,0,0,1,0
ENSMUSG00000006411,124,131,189,168,142,168,228,248,186
ENSMUSG00000006412,503,441,630,482,485,504,501,626,524
ENSMUSG00000006418,1948,2157,3186,1821,2124,1811,2630,2563,2356
ENSMUSG00000006423,793,699,983,626,763,426,841,958,879
ENSMUSG00000006435,4,4,10,8,5,7,7,5,13
ENSMUSG00000006442,531,534,785,494,394,452,488,535,445
ENSMUSG00000006445,0,0,1,0,3,0,0,0,0
ENSMUSG00000006456,543,535,877,394,432,402,587,602,513
ENSMUSG00000006457,0,0,1,4,2,4,10,0,1
ENSMUSG00000006462,61,29,54,51,59,51,41,38,16
ENSMUSG00000006463,376,354,508,269,351,309,464,482,379
ENSMUSG00000006464,10,10,23,16,16,1,29,39,34
ENSMUSG00000006471,848,807,1222,840,763,841,1073,1168,919
ENSMUSG00000006476,300,338,491,190,221,173,187,303,220
ENSMUSG00000006494,463,371,518,454,468,318,580,622,656
ENSMUSG00000006498,3283,3432,5210,2672,2625,2595,3357,4099,3254
ENSMUSG00000006517,529,525,790,555,598,648,547,678,510
ENSMUSG00000006519,24644,23250,36955,29707,24695,31070,23046,26970,22056
ENSMUSG00000006526,514,488,624,372,354,334,466,480,439
ENSMUSG00000006527,1556,1191,1672,1382,1402,1303,1619,1946,1557
ENSMUSG00000006538,0,1,0,0,4,0,6,1,2
ENSMUSG00000006542,8,1,0,0,0,0,4,1,1
ENSMUSG00000006567,3,0,0,0,0,0,0,0,0
ENSMUSG00000006574,0,0,3,1,1,1,3,2,2
ENSMUSG00000006575,33,20,32,16,7,19,19,26,31
ENSMUSG00000006576,16,24,34,18,23,29,16,14,10
ENSMUSG00000006585,1046,981,1525,1446,1364,1447,1532,1781,1355
ENSMUSG00000006587,0,0,0,0,1,0,0,0,0
ENSMUSG00000006589,2529,2306,3703,2980,2491,3415,2563,3119,2453
ENSMUSG00000006599,1055,979,1554,1013,1175,942,1378,1462,1230
ENSMUSG00000006611,2918,2699,3307,2377,2607,2265,3932,4284,3775
ENSMUSG00000006638,195,201,263,147,152,164,186,228,179
ENSMUSG00000006641,358,322,503,308,326,354,488,547,407
ENSMUSG00000006649,34,19,34,22,26,44,32,24,33
ENSMUSG00000006651,81,55,91,26,49,32,38,75,68
ENSMUSG00000006673,2458,2570,3530,1999,2203,1375,2751,3341,2570
ENSMUSG00000006675,12,15,36,25,15,20,22,18,14
ENSMUSG00000006676,1861,1927,2773,1323,1607,1461,2002,2744,1939
ENSMUSG00000006678,55,59,114,62,92,57,69,74,93
ENSMUSG00000006699,31366,32051,42502,23140,28503,20673,30298,35979,30796
ENSMUSG00000006705,784,669,1008,541,568,490,729,717,647
ENSMUSG00000006711,0,0,0,0,1,1,0,0,0
ENSMUSG00000006715,370,382,501,361,362,363,476,637,513
ENSMUSG00000006717,627,560,855,712,698,756,770,786,755
ENSMUSG00000006720,0,2,0,0,0,0,1,0,0
ENSMUSG00000006728,3244,3094,4841,3358,3343,3480,4106,4434,3678
ENSMUSG00000006731,1556,1610,2459,1462,1363,1435,1863,2228,1677
ENSMUSG00000006732,180,125,184,115,105,188,103,116,111
ENSMUSG00000006736,2200,2285,3076,2042,1981,1782,2640,2617,2290
ENSMUSG00000006740,4583,3861,5052,4311,4259,4004,3752,4249,3968
ENSMUSG00000006763,189,128,253,127,161,178,187,198,191
ENSMUSG00000006782,1093,1139,1575,1038,1057,910,1429,1684,1348
ENSMUSG00000006784,7,2,1,3,2,1,4,1,1
ENSMUSG00000006800,2540,2264,3427,2088,2284,1985,3122,4089,2937
ENSMUSG00000006818,12304,12281,18571,10574,9670,9063,6195,6265,5093
ENSMUSG00000006850,90,59,120,57,53,60,73,114,65
ENSMUSG00000006906,913,748,1067,802,760,675,1018,1136,1049
ENSMUSG00000006920,1169,1138,1370,898,994,698,1615,1642,1466
ENSMUSG00000006930,14,18,25,5,13,4,16,13,12
ENSMUSG00000006931,7,0,4,1,3,4,3,3,6
ENSMUSG00000006932,13725,12065,16457,13582,13777,9777,12111,13488,11766
ENSMUSG00000006941,1207,1013,1488,1270,1185,1204,1319,1340,1215
ENSMUSG00000006998,6588,6400,9422,5458,5444,4819,6812,7571,6090
ENSMUSG00000007021,1,0,5,5,9,0,2,3,3
ENSMUSG00000007029,745,665,993,585,546,673,724,930,771
ENSMUSG00000007030,3,3,10,9,4,12,11,3,2
ENSMUSG00000007033,28,18,29,22,13,7,27,13,9
ENSMUSG00000007034,0,1,0,0,0,0,0,2,0
ENSMUSG00000007035,25,28,39,33,44,30,39,33,29
ENSMUSG00000007036,1204,1380,1832,1144,1214,1047,1292,1777,1283
ENSMUSG00000007038,1646,1502,2529,2046,1879,1863,2348,2532,2037
ENSMUSG00000007039,204,170,248,182,177,249,223,257,208
ENSMUSG00000007041,11583,10570,15273,9648,8967,11434,10139,11682,9649
ENSMUSG00000007050,378,420,517,387,333,373,370,373,402
ENSMUSG00000007080,67,25,31,22,24,43,30,77,48
ENSMUSG00000007097,0,0,1,0,0,0,0,1,0
ENSMUSG00000007107,0,0,0,1,0,0,0,0,0
ENSMUSG00000007122,0,0,0,3,2,0,0,0,4
ENSMUSG00000007207,10,8,8,16,7,8,9,3,4
ENSMUSG00000007216,162,156,237,160,129,160,194,241,161
ENSMUSG00000007279,3,0,1,0,0,0,0,0,0
ENSMUSG00000007338,418,407,609,427,407,486,552,645,488
ENSMUSG00000007379,198,112,98,86,118,72,159,151,125
ENSMUSG00000007411,1164,1269,1691,1158,1132,982,1369,1453,1288
ENSMUSG00000007415,710,563,739,638,571,647,672,774,618
ENSMUSG00000007458,15052,15752,21021,11596,12209,10177,13275,13917,11734
ENSMUSG00000007476,290,187,258,294,221,317,187,218,185
ENSMUSG00000007480,0,0,1,0,0,1,0,0,0
ENSMUSG00000007564,7757,7673,11494,7248,7230,6972,7845,8923,7459
ENSMUSG00000007570,549,419,801,502,546,634,671,838,656
ENSMUSG00000007589,293,297,380,260,286,263,350,475,399
ENSMUSG00000007591,5,1,1,1,4,5,6,4,2
ENSMUSG00000007594,0,3,4,0,0,2,1,3,2
ENSMUSG00000007603,515,514,806,412,463,534,608,848,579
ENSMUSG00000007610,91,82,105,59,76,51,71,88,80
ENSMUSG00000007613,13697,10474,11645,9122,10588,6267,11396,11888,11697
ENSMUSG00000007617,160,132,158,111,109,91,117,137,131
ENSMUSG00000007646,0,3,1,4,4,7,1,0,7
ENSMUSG00000007655,593,597,891,261,370,195,322,313,255
ENSMUSG00000007656,2156,1870,2515,2001,1848,1813,1893,2021,1908
ENSMUSG00000007659,1822,1632,2510,1813,1734,1767,1888,2349,1703
ENSMUSG00000007670,1178,1148,1496,792,908,621,1207,1370,1206
ENSMUSG00000007682,1,0,14,12,4,7,0,0,0
ENSMUSG00000007721,1364,1133,1826,1388,1268,1681,1162,1418,1053
ENSMUSG00000007739,3784,3304,3880,3167,3369,2752,3316,3434,3481
ENSMUSG00000007777,596,522,654,539,551,562,745,753,691
ENSMUSG00000007783,7,5,7,0,3,21,6,10,9
ENSMUSG00000007805,0,1,0,0,0,0,0,0,0
ENSMUSG00000007812,1932,1847,2231,1951,2141,1196,2451,2335,2239
ENSMUSG00000007815,11104,10928,16365,9406,10086,8788,11382,12572,11008
ENSMUSG00000007817,5769,5011,6958,5989,5718,5703,6063,7060,5852
ENSMUSG00000007827,178,107,190,144,128,167,184,253,220
ENSMUSG00000007833,879,884,1302,839,833,948,962,1092,1027
ENSMUSG00000007836,735,481,694,717,589,860,458,720,572
ENSMUSG00000007837,394,428,693,429,401,478,469,590,439
ENSMUSG00000007850,1945,1441,1991,1522,1744,1202,1516,1782,1628
ENSMUSG00000007867,123,89,143,126,148,138,118,165,124
ENSMUSG00000007872,2472,2372,3733,2263,2567,2858,4371,4746,4010
ENSMUSG00000007877,1,0,1,0,0,0,2,1,0
ENSMUSG00000007880,1444,1030,1443,1197,1163,1266,1245,1656,1286
ENSMUSG00000007888,2,0,0,0,0,0,0,0,0
ENSMUSG00000007891,142578,134144,200063,152238,145530,158808,165714,203266,169976
ENSMUSG00000007892,3567,3125,4877,4112,3589,4949,3205,3713,3190
ENSMUSG00000007944,3,1,2,0,5,2,2,1,0
ENSMUSG00000007946,32,19,42,25,23,37,25,34,18
ENSMUSG00000007950,252,249,363,247,259,264,285,412,339
